{"cameraMode":{"drawMode":0,"name":"Shaded","section":"Shading Mode"},"sceneLighting":true,"audioPlay":false,"sceneViewState":{"m_AlwaysRefresh":false,"showFog":true,"showSkybox":true,"showFlares":true,"showImageEffects":true,"showParticleSystems":true,"showVisualEffectGraphs":true,"m_FxEnabled":true},"in2DMode":false,"pivot":{"x":0.6962295770645142,"y":1.4342155456542969,"z":-0.05123205482959747},"rotation":{"x":0.16809523105621339,"y":-0.08269961178302765,"z":0.014153351075947285,"w":0.9821968674659729},"size":2.0927488803863527,"orthographic":false}